Codigo;CodTipo;Tipo;coordenadas
79;1;Cajeros Automáticos;-79.880615,-2.189985
80;1;Cajeros Automáticos;-79.879924,-2.191144
81;1;Cajeros Automáticos;-79.879511,-2.187539
82;1;Cajeros Automáticos;-79.898076,-2.181847
83;1;Cajeros Automáticos;-79.907486,-2.172754
84;1;Cajeros Automáticos;-79.920293,-2.159776
85;1;Cajeros Automáticos;-79.898076,-2.181847
86;1;Cajeros Automáticos;-79.910196,-2.168666
87;1;Cajeros Automáticos;-79.907073,-2.1732
88;1;Cajeros Automáticos;-79.88074,-2.197567
89;1;Cajeros Automáticos;-79.881012,-2.195124
90;1;Cajeros Automáticos;-79.876595,-2.186209
91;1;Cajeros Automáticos;-79.884167,-2.192355
92;1;Cajeros Automáticos;-79.532044,-2.125454
93;1;Cajeros Automáticos;-79.890945,-2.222112
94;1;Cajeros Automáticos;-79.890791,-2.231521
95;1;Cajeros Automáticos;-79.888753,-2.216272
96;1;Cajeros Automáticos;-79.894396,-2.249915
97;1;Cajeros Automáticos;-79.889608,-2.226743
98;1;Cajeros Automáticos;-79.893191,-2.218593
99;1;Cajeros Automáticos;-79.897823,-2.233232
100;1;Cajeros Automáticos;-79.890104,-2.233301
101;1;Cajeros Automáticos;-79.900446,-2.170346
102;1;Cajeros Automáticos;-79.900446,-2.170346
103;1;Cajeros Automáticos;-79.898336,-2.173694
104;1;Cajeros Automáticos;-79.900446,-2.170346
105;1;Cajeros Automáticos;-79.879103,-2.170548
106;1;Cajeros Automáticos;-79.890137,-2.171598
107;1;Cajeros Automáticos;-79.901256,-2.135942
108;1;Cajeros Automáticos;-79.90821,-2.139457
109;1;Cajeros Automáticos;-79.892825,-2.151207
110;1;Cajeros Automáticos;-79.893299,-2.145993
111;1;Cajeros Automáticos;-79.906686,-2.127726
112;1;Cajeros Automáticos;-79.897516,-2.141857
113;1;Cajeros Automáticos;-79.899265,-2.169282
114;1;Cajeros Automáticos;-79.897669,-2.141063
115;1;Cajeros Automáticos;-79.901882,-2.134486
116;1;Cajeros Automáticos;-79.892314,-2.148541
117;1;Cajeros Automáticos;-79.911686,-2.09842
118;1;Cajeros Automáticos;-79.926049,-2.213906
119;1;Cajeros Automáticos;-79.926254,-2.199381
120;1;Cajeros Automáticos;-79.91249,-2.187119
121;1;Cajeros Automáticos;-79.914952,-2.20096
122;1;Cajeros Automáticos;-79.966915,-2.18723
123;1;Cajeros Automáticos;-79.905641,-2.199177
124;1;Cajeros Automáticos;-79.935208,-2.196165
125;1;Cajeros Automáticos;-79.93064,-2.211916
126;1;Cajeros Automáticos;-79.923683,-2.200088
127;1;Cajeros Automáticos;-79.93296,-2.197884
128;1;Cajeros Automáticos;-79.915998,-2.201171
129;1;Cajeros Automáticos;-79.9266751,-2.216278
130;1;Cajeros Automáticos;-79.907284,-2.210434
131;1;Cajeros Automáticos;-79.935473,-2.215285
132;1;Cajeros Automáticos;-79.911099,-2.203168
133;1;Cajeros Automáticos;-79.900344,-2.200884
134;1;Cajeros Automáticos;-79.9064,-2.19402
135;1;Cajeros Automáticos;-79.932147,-2.212061
136;1;Cajeros Automáticos;-79.886812,-2.192788
137;1;Cajeros Automáticos;-79.89625,-2.195476
138;1;Cajeros Automáticos;-79.888857,-2.203624
139;1;Cajeros Automáticos;-79.887813,-2.196515
140;1;Cajeros Automáticos;-79.885004,-2.190804
141;1;Cajeros Automáticos;-79.895093,-2.192068
142;1;Cajeros Automáticos;-79.892842,-2.20237
143;1;Cajeros Automáticos;-79.883408,-2.191313
144;1;Cajeros Automáticos;-79.887982,-2.185783
145;1;Cajeros Automáticos;-79.893384,-2.201956
146;1;Cajeros Automáticos;-79.906347,-2.276737
147;1;Cajeros Automáticos;-79.896288,-2.263092
148;1;Cajeros Automáticos;-79.899274,-2.251134
149;1;Cajeros Automáticos;-79.91896,-2.240381
150;1;Cajeros Automáticos;-79.905291,-2.152319
151;1;Cajeros Automáticos;-79.891858,-2.155577
152;1;Cajeros Automáticos;-79.922677,-2.145164
153;1;Cajeros Automáticos;-79.910484,-2.147976
154;1;Cajeros Automáticos;-79.912206,-2.14801
155;1;Cajeros Automáticos;-79.922639,-2.142471
156;1;Cajeros Automáticos;-79.891858,-2.155577
157;1;Cajeros Automáticos;-79.884039,-2.199621
158;1;Cajeros Automáticos;-79.884495,-2.204937
159;1;Cajeros Automáticos;-79.885151,-2.197424
160;1;Cajeros Automáticos;-79.882883,-2.199793
161;1;Cajeros Automáticos;-79.884887,-2.20642
162;1;Cajeros Automáticos;-79.882894,-2.193846
163;1;Cajeros Automáticos;-79.881385,-2.193997
164;1;Cajeros Automáticos;-79.882162,-2.191858
165;1;Cajeros Automáticos;-79.88543,-2.190625
166;1;Cajeros Automáticos;-79.881357,-2.192819
167;1;Cajeros Automáticos;-79.886101,-2.177103
168;1;Cajeros Automáticos;-79.893705,-2.18799
169;1;Cajeros Automáticos;-79.894558,-2.196441
170;1;Cajeros Automáticos;-79.890362,-2.188624
171;1;Cajeros Automáticos;-79.889649,-2.18237
172;1;Cajeros Automáticos;-79.883727,-2.181913
173;1;Cajeros Automáticos;-79.881135,-2.18308
174;1;Cajeros Automáticos;-79.887543,-2.175917
175;1;Cajeros Automáticos;-79.897854,-2.186043
176;1;Cajeros Automáticos;-79.884201,-2.176976
177;1;Cajeros Automáticos;-79.844109,-2.178245
178;1;Cajeros Automáticos;-79.854034,-2.169917
179;1;Cajeros Automáticos;-79.792819,-2.165966
180;1;Cajeros Automáticos;-79.853739,-2.17987
181;1;Cajeros Automáticos;-79.841557,-2.168154
182;1;Cajeros Automáticos;-79.852105,-2.168986
183;1;Cajeros Automáticos;-79.840859,-2.168542
184;1;Cajeros Automáticos;-79.789497,-2.166183
185;1;Cajeros Automáticos;-79.811293,-2.179167
186;1;Cajeros Automáticos;-79.842259,-2.162144
187;1;Cajeros Automáticos;-79.890432,-2.137387
188;1;Cajeros Automáticos;-79.905887,-2.132891
189;1;Cajeros Automáticos;-79.883506,-2.148013
190;1;Cajeros Automáticos;-79.897519,-2.126079
191;1;Cajeros Automáticos;-79.879053,-2.14274
192;1;Cajeros Automáticos;-79.88525,-2.144441
193;1;Cajeros Automáticos;-79.879053,-2.14274
194;1;Cajeros Automáticos;-79.884489,-2.148763
195;1;Cajeros Automáticos;-79.880401,-2.140092
196;1;Cajeros Automáticos;-79.893699,-2.121328
197;1;Cajeros Automáticos;-79.887193,-2.135029
198;1;Cajeros Automáticos;-79.892744,-2.128011
199;1;Cajeros Automáticos;-79.878318,-2.152708
200;1;Cajeros Automáticos;-79.898148,-2.169064
201;1;Cajeros Automáticos;-79.891644,-2.163242
202;1;Cajeros Automáticos;-79.895808,-2.164651
203;1;Cajeros Automáticos;-79.896105,-2.167846
204;1;Cajeros Automáticos;-79.896488,-2.16391
205;1;Cajeros Automáticos;-79.898277,-2.228718
206;1;Cajeros Automáticos;-79.898526,-2.229907
207;1;Cajeros Automáticos;-79.898366,-2.228314
208;1;Cajeros Automáticos;-79.897939,-2.225544
209;1;Cajeros Automáticos;-79.899257,-2.249339
210;1;Cajeros Automáticos;-79.934271,-2.203329
211;1;Cajeros Automáticos;-79.883155,-2.251499
212;1;Cajeros Automáticos;-79.904563,-2.22239
213;1;Cajeros Automáticos;-79.899491,-2.218444
214;1;Cajeros Automáticos;-79.909765,-2.218858
215;1;Cajeros Automáticos;-79.904832,-2.225347
216;1;Cajeros Automáticos;-79.906132,-2.229594
217;1;Cajeros Automáticos;-79.898526,-2.229907
218;1;Cajeros Automáticos;-79.95025,-2.058861
219;1;Cajeros Automáticos;-79.934868,-2.129053
220;1;Cajeros Automáticos;-79.95348,-2.104595
221;1;Cajeros Automáticos;-79.927794,-2.100513
222;1;Cajeros Automáticos;-79.953015,-2.064303
223;1;Cajeros Automáticos;-79.950152,-2.119319
224;1;Cajeros Automáticos;-79.940038,-2.073984
225;1;Cajeros Automáticos;-79.941165,-2.070352
226;1;Cajeros Automáticos;-79.950412,-2.088651
227;1;Cajeros Automáticos;-79.949096,-2.130009
228;1;Cajeros Automáticos;-79.934384,-2.10494
229;1;Cajeros Automáticos;-79.937166,-2.094215
230;1;Cajeros Automáticos;-79.935342,-2.098837
231;1;Cajeros Automáticos;-79.936166,-2.100479
232;1;Cajeros Automáticos;-79.962377,-2.008881
233;1;Cajeros Automáticos;-79.947682,-2.11642
234;1;Cajeros Automáticos;-79.936518,-2.098181
235;1;Cajeros Automáticos;-79.937437,-2.099395
236;1;Cajeros Automáticos;-79.936636,-2.099025
237;1;Cajeros Automáticos;-79.937166,-2.094215
238;1;Cajeros Automáticos;-79.932224,-2.121542
239;1;Cajeros Automáticos;-79.944003,-2.064467
240;1;Cajeros Automáticos;-79.936923,-2.095706
241;1;Cajeros Automáticos;-79.969866,-1.995313
242;1;Cajeros Automáticos;-79.932383,-2.068242
243;1;Cajeros Automáticos;-79.932687,-2.119264
244;1;Cajeros Automáticos;-79.863035,-2.144276
245;1;Cajeros Automáticos;-79.86434,-2.145866
246;1;Cajeros Automáticos;-79.865341,-2.148863
247;1;Cajeros Automáticos;-79.864105,-2.143624
248;1;Cajeros Automáticos;-79.916673,-2.168763
249;1;Cajeros Automáticos;-79.916434,-2.168734
250;1;Cajeros Automáticos;-79.907174,-2.178769
251;1;Cajeros Automáticos;-79.916862,-2.170856
252;1;Cajeros Automáticos;-79.928208,-2.158707
253;1;Cajeros Automáticos;-79.928014,-2.159425
254;1;Cajeros Automáticos;-79.932702,-2.152034
255;1;Cajeros Automáticos;-79.933573,-2.114834
256;1;Cajeros Automáticos;-79.887521,-2.157295
257;1;Cajeros Automáticos;-79.885659,-2.190429
258;1;Cajeros Automáticos;-79.885659,-2.190429
259;1;Cajeros Automáticos;-79.939494,-2.232237
260;1;Cajeros Automáticos;-79.914541,-2.202004
261;1;Cajeros Automáticos;-79.902779,-2.199872
262;1;Cajeros Automáticos;-79.907271,-2.210295
263;1;Cajeros Automáticos;-79.939658,-2.173613
264;1;Cajeros Automáticos;-79.937923,-2.194029
265;1;Cajeros Automáticos;-79.942275,-2.176627
266;1;Cajeros Automáticos;-79.94394,-2.176353
267;1;Cajeros Automáticos;-79.923795,-2.165126
268;1;Cajeros Automáticos;-79.943206,-2.151856
269;1;Cajeros Automáticos;-79.976732,-2.183654
270;1;Cajeros Automáticos;-79.94394,-2.176353
271;1;Cajeros Automáticos;-79.94508,-2.178718
272;1;Cajeros Automáticos;-79.939263,-2.192038
273;1;Cajeros Automáticos;-79.864318,-2.141858
274;1;Cajeros Automáticos;-79.890267,-2.050275
275;1;Cajeros Automáticos;-79.864318,-2.141858
276;1;Cajeros Automáticos;-79.914559,-2.052238
277;1;Cajeros Automáticos;-79.864318,-2.141858
278;1;Cajeros Automáticos;-79.883176,-2.051271
279;1;Cajeros Automáticos;-79.872203,-2.111378
280;1;Cajeros Automáticos;-79.873881,-2.054138
281;1;Cajeros Automáticos;-79.846392,-2.073651
282;1;Cajeros Automáticos;-79.864783,-2.141776
283;1;Cajeros Automáticos;-79.888198,-2.141813
284;1;Cajeros Automáticos;-79.922718,-2.091017
285;1;Cajeros Automáticos;-79.891921,-2.134997
286;1;Cajeros Automáticos;-79.890015,-2.121954
287;1;Cajeros Automáticos;-79.8970524,-2.078708
288;1;Cajeros Automáticos;-79.900618,-2.120648
289;1;Cajeros Automáticos;-79.906888,-2.113687
290;1;Cajeros Automáticos;-79.900532,-2.127011
291;1;Cajeros Automáticos;-79.894271,-2.125141
292;1;Cajeros Automáticos;-79.898906,-2.114559
293;1;Cajeros Automáticos;-79.893448,-2.143984
294;1;Cajeros Automáticos;-79.886617,-2.20738
295;1;Cajeros Automáticos;-79.909032,-2.140277
296;1;Cajeros Automáticos;-79.909286,-2.140271
297;1;Cajeros Automáticos;-79.909286,-2.140271
298;1;Cajeros Automáticos;-79.89411,-2.242111
299;1;Cajeros Automáticos;-79.895255,-2.241068
300;1;Cajeros Automáticos;-79.895255,-2.241068
301;1;Cajeros Automáticos;-79.889045,-2.25856
302;1;Cajeros Automáticos;-79.884896,-2.251339
303;1;Cajeros Automáticos;-79.878429,-2.261743
304;1;Cajeros Automáticos;-79.889779,-2.229996
305;1;Cajeros Automáticos;-79.890644,-2.23663
306;1;Cajeros Automáticos;-79.87354,-2.261619
307;1;Cajeros Automáticos;-79.891488,-2.242275
308;1;Cajeros Automáticos;-79.903343,-2.091957
309;1;Cajeros Automáticos;-79.917999,-2.098307
310;1;Cajeros Automáticos;-79.915744,-2.082094
311;1;Cajeros Automáticos;-79.948391,-2.110262
312;1;Cajeros Automáticos;-79.94911,-2.109187
313;1;Cajeros Automáticos;-79.947865,-2.118338
314;1;Cajeros Automáticos;-79.870006,-2.037774
315;1;Cajeros Automáticos;-79.920796,-2.057091
316;1;Cajeros Automáticos;-79.922718,-2.091017
317;1;Cajeros Automáticos;-79.910158,-2.065791
318;1;Cajeros Automáticos;-79.911705,-2.092905
319;1;Cajeros Automáticos;-79.954323,-2.104791
320;1;Cajeros Automáticos;-79.906881,-2.127692
321;1;Cajeros Automáticos;-79.906749,-2.128252
322;1;Cajeros Automáticos;-79.89186,-2.180967
323;1;Cajeros Automáticos;-79.934271,-2.115245
324;1;Cajeros Automáticos;-79.907381,-1.370388
325;1;Cajeros Automáticos;-79.825559,-2.177395
326;1;Cajeros Automáticos;-79.826262,-2.212393
327;1;Cajeros Automáticos;-79.805147,-2.175233
328;1;Cajeros Automáticos;-79.995447,-2.181622
329;1;Cajeros Automáticos;-79.914101,-2.050254
330;1;Cajeros Automáticos;-79.912419,-2.028135
331;1;Cajeros Automáticos;-79.874824,-2.054305
332;1;Cajeros Automáticos;-79.872966,-2.072701
333;1;Cajeros Automáticos;-79.593017,-2.128739
334;1;Cajeros Automáticos;-79.696278,-2.093908
335;1;Cajeros Automáticos;-79.59832,-2.127782
336;1;Cajeros Automáticos;-79.592462,-2.128717
337;1;Cajeros Automáticos;-79.587394,-2.126026
338;1;Cajeros Automáticos;-79.591354,-2.139224
339;1;Cajeros Automáticos;-79.590621,-2.127839
340;1;Cajeros Automáticos;-79.596819,-2.136735
341;1;Cajeros Automáticos;-79.603694,-2.135769
342;1;Cajeros Automáticos;-79.353706,-0.95331
343;1;Cajeros Automáticos;-79.227944,-0.941472
344;1;Cajeros Automáticos;-79.470977,-1.017996
345;1;Cajeros Automáticos;-79.467704,-1.027585
346;1;Cajeros Automáticos;-79.466245,-1.025279
347;1;Cajeros Automáticos;-79.466149,-1.024946
348;1;Cajeros Automáticos;-79.468589,-1.030557
349;1;Cajeros Automáticos;-79.466326,-1.043415
350;1;Cajeros Automáticos;-79.503387,-1.187105
351;1;Cajeros Automáticos;-79.468184,-1.009976
352;1;Cajeros Automáticos;-79.468588,-1.030609
353;1;Cajeros Automáticos;-79.544109,-1.811691
354;1;Cajeros Automáticos;-79.54554,-1.812917
355;1;Cajeros Automáticos;-79.532323,-1.797661
356;1;Cajeros Automáticos;-79.523009,-1.800713
357;1;Cajeros Automáticos;-79.530057,-1.803949
358;1;Cajeros Automáticos;-79.545263,-1.81292
359;1;Cajeros Automáticos;-80.388877,-2.634874
360;1;Cajeros Automáticos;-80.386604,-2.634299
361;1;Cajeros Automáticos;-80.385122,-2.642939
362;1;Cajeros Automáticos;-80.24435,-2.710935
363;1;Cajeros Automáticos;-79.461574,-1.441885
364;1;Cajeros Automáticos;-79.534908,-1.550607
365;1;Cajeros Automáticos;-79.9816054,-1.6288
366;1;Cajeros Automáticos;-80.234417,-1.816056
367;1;Cajeros Automáticos;-79.987533,-1.715794
368;1;Cajeros Automáticos;-79.98085,-1.862978
369;1;Cajeros Automáticos;-80.084625,-1.879436
370;1;Cajeros Automáticos;-80.011055,-1.913965
371;1;Cajeros Automáticos;-80.137937,-1.876641
372;1;Cajeros Automáticos;-79.975963,-1.854796
373;1;Cajeros Automáticos;-79.977783,-1.861287
374;1;Cajeros Automáticos;-80.458469,-1.052355
375;1;Cajeros Automáticos;-80.458748,-1.062195
376;1;Cajeros Automáticos;-80.451094,-1.057973
377;1;Cajeros Automáticos;-80.457129,-1.058571
378;1;Cajeros Automáticos;-80.465904,-1.010477
379;1;Cajeros Automáticos;-80.465689,-1.06081
380;1;Cajeros Automáticos;-80.450546,-0.924861
381;1;Cajeros Automáticos;-80.464899,-1.027923
382;1;Cajeros Automáticos;-80.467956,-1.062784
383;1;Cajeros Automáticos;-79.40517,-2.329983
384;1;Cajeros Automáticos;-79.618977,-2.675232
385;1;Cajeros Automáticos;-80.423845,-0.610883
386;1;Cajeros Automáticos;-80.910869,-2.221484
387;1;Cajeros Automáticos;-80.753075,-1.826766
388;1;Cajeros Automáticos;-80.910463,-2.224075
389;1;Cajeros Automáticos;-80.899641,-2.226884
390;1;Cajeros Automáticos;-80.960904,-2.204809
391;1;Cajeros Automáticos;-80.907133,-2.229766
392;1;Cajeros Automáticos;-80.963844,-2.205195
393;1;Cajeros Automáticos;-80.712813,-0.950849
394;1;Cajeros Automáticos;-80.690342,-0.995751
395;1;Cajeros Automáticos;-80.69952,-0.97274
396;1;Cajeros Automáticos;-80.73824,-0.94475
397;1;Cajeros Automáticos;-80.705411,-0.966472
398;1;Cajeros Automáticos;-80.648149,-0.945081
399;1;Cajeros Automáticos;-80.711048,-0.97399
400;1;Cajeros Automáticos;-80.751506,-0.957361
401;1;Cajeros Automáticos;-80.690413,-0.960897
402;1;Cajeros Automáticos;-80.660455,-1.04976
403;1;Cajeros Automáticos;-80.700521,-0.951292
404;1;Cajeros Automáticos;-80.702044,-0.949018
405;1;Cajeros Automáticos;-80.716725,-0.954855
406;1;Cajeros Automáticos;-80.465126,-1.048528
407;1;Cajeros Automáticos;-80.458367,-1.053827
408;1;Cajeros Automáticos;-80.859218,-2.226305
409;1;Cajeros Automáticos;-80.866217,-2.216217
410;1;Cajeros Automáticos;-79.463607,-2.167516
411;1;Cajeros Automáticos;-79.463285,-2.168803
412;1;Cajeros Automáticos;-79.437216,-2.209289
413;1;Cajeros Automáticos;-79.465576,-2.168925
414;1;Cajeros Automáticos;-79.322775,-2.138793
415;1;Cajeros Automáticos;-80.093103,-0.698141
416;1;Cajeros Automáticos;-80.095019,-0.697287
417;1;Cajeros Automáticos;-80.164916,-0.847277
418;1;Cajeros Automáticos;-80.102454,-0.708013
419;1;Cajeros Automáticos;-80.234558,-0.785896
420;1;Cajeros Automáticos;-80.580261,-1.348909
421;1;Cajeros Automáticos;-80.590299,-1.358083
422;1;Cajeros Automáticos;-79.753448,-1.556271
423;1;Cajeros Automáticos;-79.593995,-2.136325
424;1;Cajeros Automáticos;-79.594918,-2.135393
425;1;Cajeros Automáticos;-79.467721,-1.003344
426;1;Cajeros Automáticos;-79.490321,-0.896882
427;1;Cajeros Automáticos;-80.705985,-0.967157
428;1;Cajeros Automáticos;-80.708007,-0.964642
429;1;Cajeros Automáticos;-79.637977,-1.043652
430;1;Cajeros Automáticos;-79.489789,-0.892341
431;1;Cajeros Automáticos;-80.920857,-2.227597
432;1;Cajeros Automáticos;-80.920857,-2.227597
433;1;Cajeros Automáticos;-79.520886,-1.806873
434;1;Cajeros Automáticos;-79.980705,-1.864161
435;1;Cajeros Automáticos;-80.079599,-2.234638
436;1;Cajeros Automáticos;-80.86731,-2.214126
437;1;Cajeros Automáticos;-80.751496,-1.828075
438;1;Cajeros Automáticos;-79.81293,-1.829617
439;1;Cajeros Automáticos;-80.73221,-0.942016
440;1;Cajeros Automáticos;-80.73221,-0.942016
441;1;Cajeros Automáticos;-78.488912,-0.201068
442;1;Cajeros Automáticos;-78.488124,-0.200099
443;1;Cajeros Automáticos;-78.490666,-0.202676
444;1;Cajeros Automáticos;-78.485679,-0.202083
445;1;Cajeros Automáticos;-78.482617,-0.210969
446;1;Cajeros Automáticos;-78.485604,-0.199212
447;1;Cajeros Automáticos;-78.484141,-0.204582
448;1;Cajeros Automáticos;-78.485174,-0.16346
449;1;Cajeros Automáticos;-78.4789,-0.165847
450;1;Cajeros Automáticos;-78.48473,-0.17812
451;1;Cajeros Automáticos;-78.48473,-0.17812
452;1;Cajeros Automáticos;-78.477954,-0.180568
453;1;Cajeros Automáticos;-78.476995,-0.174276
454;1;Cajeros Automáticos;-78.502141,-0.21359
455;1;Cajeros Automáticos;-78.499629,-0.212778
456;1;Cajeros Automáticos;-78.496706,-0.21482
457;1;Cajeros Automáticos;-78.490867,-0.20945
458;1;Cajeros Automáticos;-78.494295,-0.131803
459;1;Cajeros Automáticos;-78.498463,-0.133719
460;1;Cajeros Automáticos;-78.493417,-0.123061
461;1;Cajeros Automáticos;-78.497767,-0.127207
462;1;Cajeros Automáticos;-78.492554,-0.120377
463;1;Cajeros Automáticos;-78.495645,-0.114562
464;1;Cajeros Automáticos;-78.478213,-0.110384
465;1;Cajeros Automáticos;-78.453461,-0.103832
466;1;Cajeros Automáticos;-78.472374,-0.128915
467;1;Cajeros Automáticos;-78.481555,-0.133718
468;1;Cajeros Automáticos;-78.493292,-0.202764
469;1;Cajeros Automáticos;-78.502099,-0.200777
470;1;Cajeros Automáticos;-78.502571,-0.205344
471;1;Cajeros Automáticos;-78.498903,-0.200351
472;1;Cajeros Automáticos;-78.495693,-0.205267
473;1;Cajeros Automáticos;-78.477514,-0.12772
474;1;Cajeros Automáticos;-78.467577,-0.124272
475;1;Cajeros Automáticos;-78.474205,-0.141885
476;1;Cajeros Automáticos;-78.472057,-0.163697
477;1;Cajeros Automáticos;-78.473909,-0.154499
478;1;Cajeros Automáticos;-78.482359,-0.144407
479;1;Cajeros Automáticos;-78.469669,-0.128336
480;1;Cajeros Automáticos;-78.484498,-0.154581
481;1;Cajeros Automáticos;-78.468353,-0.137602
482;1;Cajeros Automáticos;-78.478711,-0.293429
483;1;Cajeros Automáticos;-78.459431,-0.298562
484;1;Cajeros Automáticos;-78.479331,-0.295269
485;1;Cajeros Automáticos;-78.450801,-0.307751
486;1;Cajeros Automáticos;-78.449329,-0.325721
487;1;Cajeros Automáticos;-78.446985,-0.328003
488;1;Cajeros Automáticos;-78.450648,-0.329901
489;1;Cajeros Automáticos;-78.433647,-0.336825
490;1;Cajeros Automáticos;-78.455605,-0.305731
491;1;Cajeros Automáticos;-78.449543,-0.308239
492;1;Cajeros Automáticos;-78.449543,-0.308239
493;1;Cajeros Automáticos;-78.40623,-0.215663
494;1;Cajeros Automáticos;-78.436088,-0.199142
495;1;Cajeros Automáticos;-78.438461,-0.198434
496;1;Cajeros Automáticos;-78.422444,-0.205213
497;1;Cajeros Automáticos;-78.494564,-0.180989
498;1;Cajeros Automáticos;-78.492612,-0.174366
499;1;Cajeros Automáticos;-78.489464,-0.172767
500;1;Cajeros Automáticos;-78.482037,-0.094906
501;1;Cajeros Automáticos;-78.469143,-0.085493
502;1;Cajeros Automáticos;-78.447185,-0.009586
503;1;Cajeros Automáticos;-78.471601,-0.105027
504;1;Cajeros Automáticos;-78.472536,-0.09078
505;1;Cajeros Automáticos;-78.465795,-0.075876
506;1;Cajeros Automáticos;-78.470508,-0.100012
507;1;Cajeros Automáticos;-78.493524,-0.191716
508;1;Cajeros Automáticos;-78.489862,-0.189345
509;1;Cajeros Automáticos;-78.565314,-0.299651
510;1;Cajeros Automáticos;-78.44972,-0.25343
511;1;Cajeros Automáticos;-78.536936,-0.250191
512;1;Cajeros Automáticos;-78.528915,-0.238672
513;1;Cajeros Automáticos;-78.521349,-0.250122
514;1;Cajeros Automáticos;-78.490581,-0.103746
515;1;Cajeros Automáticos;-78.490386,-0.102563
516;1;Cajeros Automáticos;-78.48938,-0.156002
517;1;Cajeros Automáticos;-78.497004,-0.154716
518;1;Cajeros Automáticos;-78.466439,-0.159996
519;1;Cajeros Automáticos;-78.449962,-0.166738
520;1;Cajeros Automáticos;-78.457686,-0.163584
521;1;Cajeros Automáticos;-78.476073,-0.171589
522;1;Cajeros Automáticos;-78.521349,-0.250122
523;1;Cajeros Automáticos;-78.5217,-0.252736
524;1;Cajeros Automáticos;-78.517688,-0.244701
525;1;Cajeros Automáticos;-78.528968,-0.256284
526;1;Cajeros Automáticos;-78.547366,-0.275434
527;1;Cajeros Automáticos;-78.513545,-0.247153
528;1;Cajeros Automáticos;-78.480385,-0.176375
529;1;Cajeros Automáticos;-78.480385,-0.176375
530;1;Cajeros Automáticos;-78.480993,-0.181983
531;1;Cajeros Automáticos;-78.487854,-0.186527
532;1;Cajeros Automáticos;-78.484721,-0.169895
533;1;Cajeros Automáticos;-78.487504,-0.172606
534;1;Cajeros Automáticos;-78.483515,-0.1607
535;1;Cajeros Automáticos;-78.498538,-0.204555
536;1;Cajeros Automáticos;-78.479312,-0.165632
537;1;Cajeros Automáticos;-78.425722,-0.206761
538;1;Cajeros Automáticos;-78.431971,-0.20154
539;1;Cajeros Automáticos;-78.425777,-0.206703
540;1;Cajeros Automáticos;-78.297045,-0.109799
541;1;Cajeros Automáticos;-78.361408,-0.124303
542;1;Cajeros Automáticos;-78.478952,-0.156004
543;1;Cajeros Automáticos;-78.452934,-0.108174
544;1;Cajeros Automáticos;-78.423254,-0.102459
545;1;Cajeros Automáticos;-78.450907,-0.096229
546;1;Cajeros Automáticos;-78.355372,-0.063868
547;1;Cajeros Automáticos;-78.511214,-0.219246
548;1;Cajeros Automáticos;-78.511312,-0.221055
549;1;Cajeros Automáticos;-78.514023,-0.216933
550;1;Cajeros Automáticos;-78.512671,-0.219409
551;1;Cajeros Automáticos;-78.514275,-0.216464
552;1;Cajeros Automáticos;-78.450809,-0.327207
553;1;Cajeros Automáticos;-78.505796,-0.375665
554;1;Cajeros Automáticos;-78.564729,-0.28586
555;1;Cajeros Automáticos;-78.550293,-0.328567
556;1;Cajeros Automáticos;-78.543219,-0.284962
557;1;Cajeros Automáticos;-78.552711,-0.276097
558;1;Cajeros Automáticos;-78.541873,-0.269134
559;1;Cajeros Automáticos;-78.564565,-0.461569
560;1;Cajeros Automáticos;-78.544101,-0.308082
561;1;Cajeros Automáticos;-78.531643,-0.268895
562;1;Cajeros Automáticos;-78.535375,-0.282919
563;1;Cajeros Automáticos;-78.564166,-0.310497
564;1;Cajeros Automáticos;-78.553002,-0.279623
565;1;Cajeros Automáticos;-78.543219,-0.284962
566;1;Cajeros Automáticos;-78.552083,-0.272128
567;1;Cajeros Automáticos;-78.546837,-0.260712
568;1;Cajeros Automáticos;-78.549521,-0.259719
569;1;Cajeros Automáticos;-78.558948,-0.298122
570;1;Cajeros Automáticos;-78.547292,-0.408666
571;1;Cajeros Automáticos;-78.556294,-0.295124
572;1;Cajeros Automáticos;-78.563751,-0.31089
573;1;Cajeros Automáticos;-78.540349,-0.269029
574;1;Cajeros Automáticos;-78.544101,-0.308082
575;1;Cajeros Automáticos;-78.536247,-0.284913
576;1;Cajeros Automáticos;-78.571575,-0.514964
577;1;Cajeros Automáticos;-78.56771,-0.513553
578;1;Cajeros Automáticos;-78.48468,-0.205496
579;1;Cajeros Automáticos;-78.537079,-0.267653
580;1;Cajeros Automáticos;-78.487502,-0.188629
581;1;Cajeros Automáticos;-78.492413,-0.175033
582;1;Cajeros Automáticos;-78.617065,-1.233976
583;1;Cajeros Automáticos;-78.628158,-1.241729
584;1;Cajeros Automáticos;-78.623088,-1.235701
585;1;Cajeros Automáticos;-78.607944,-1.269949
586;1;Cajeros Automáticos;-78.629896,-1.233804
587;1;Cajeros Automáticos;-78.546828,-1.328657
588;1;Cajeros Automáticos;-78.42211,-1.397389
589;1;Cajeros Automáticos;-78.626961,-1.24172
590;1;Cajeros Automáticos;-78.625564,-1.240429
591;1;Cajeros Automáticos;-78.616142,-1.235912
592;1;Cajeros Automáticos;-78.846687,-2.204281
593;1;Cajeros Automáticos;-79.162036,-0.249823
594;1;Cajeros Automáticos;-79.16805,-0.238839
595;1;Cajeros Automáticos;-79.169105,-0.253919
596;1;Cajeros Automáticos;-79.162096,-0.248727
597;1;Cajeros Automáticos;-79.185319,-0.254959
598;1;Cajeros Automáticos;-79.161886,-0.249673
599;1;Cajeros Automáticos;-79.171784,-0.251877
600;1;Cajeros Automáticos;-78.651062,-1.670841
601;1;Cajeros Automáticos;-78.655364,-1.668178
602;1;Cajeros Automáticos;-78.656512,-1.667127
603;1;Cajeros Automáticos;-78.645309,-1.607986
604;1;Cajeros Automáticos;-78.64373,-1.671382
605;1;Cajeros Automáticos;-78.653168,-1.669726
606;1;Cajeros Automáticos;-78.650177,-1.673248
607;1;Cajeros Automáticos;-78.64938,-1.672231
608;1;Cajeros Automáticos;-78.614494,-0.934043
609;1;Cajeros Automáticos;-78.620246,-0.925496
610;1;Cajeros Automáticos;-78.627803,-1.263866
611;1;Cajeros Automáticos;-79.956549,-3.259917
612;1;Cajeros Automáticos;-78.62822,-1.265139
613;1;Cajeros Automáticos;-78.627717,-1.264595
614;1;Cajeros Automáticos;-78.588096,-1.043743
615;1;Cajeros Automáticos;-79.002021,-1.591883
616;1;Cajeros Automáticos;-79.002037,-1.594993
617;1;Cajeros Automáticos;-79.181079,-0.258393
618;1;Cajeros Automáticos;-79.176336,-0.252476
619;1;Cajeros Automáticos;-79.169502,-0.253887
620;1;Cajeros Automáticos;-78.663103,-1.661597
621;1;Cajeros Automáticos;-78.624671,-1.228795
622;1;Cajeros Automáticos;-77.999359,-1.485888
623;1;Cajeros Automáticos;-77.812075,-0.999751
624;1;Cajeros Automáticos;-78.543113,-1.329201
625;1;Cajeros Automáticos;-76.986361,-0.471024
626;1;Cajeros Automáticos;-76.986177,-0.471574
627;1;Cajeros Automáticos;-78.921171,-2.289143
628;1;Cajeros Automáticos;-78.624817,-0.926913
629;1;Cajeros Automáticos;-78.624817,-0.926913
630;1;Cajeros Automáticos;-79.002136,-2.898492
631;1;Cajeros Automáticos;-79.007779,-2.895063
632;1;Cajeros Automáticos;-79.004689,-2.901449
633;1;Cajeros Automáticos;-79.010375,-2.893286
634;1;Cajeros Automáticos;-79.001806,-2.899708
635;1;Cajeros Automáticos;-78.991489,-2.891989
636;1;Cajeros Automáticos;-78.987133,-2.888903
637;1;Cajeros Automáticos;-78.975508,-2.880739
638;1;Cajeros Automáticos;-78.987546,-2.888486
639;1;Cajeros Automáticos;-79.010406,-2.906017
640;1;Cajeros Automáticos;-78.996887,-2.913848
641;1;Cajeros Automáticos;-79.016998,-2.920693
642;1;Cajeros Automáticos;-79.024971,-2.893825
643;1;Cajeros Automáticos;-79.025403,-2.895557
644;1;Cajeros Automáticos;-79.024445,-2.891502
645;1;Cajeros Automáticos;-79.005377,-2.883533
646;1;Cajeros Automáticos;-79.003452,-2.903318
647;1;Cajeros Automáticos;-79.003198,-2.898271
648;1;Cajeros Automáticos;-79.958639,-3.25796
649;1;Cajeros Automáticos;-79.495473,-3.144108
650;1;Cajeros Automáticos;-79.9599,-3.261863
651;1;Cajeros Automáticos;-79.945588,-3.271059
652;1;Cajeros Automáticos;-79.957417,-3.260663
653;1;Cajeros Automáticos;-79.972111,-3.253188
654;1;Cajeros Automáticos;-79.932127,-3.280658
655;1;Cajeros Automáticos;-79.960382,-3.257459
656;1;Cajeros Automáticos;-79.202809,-4.012381
657;1;Cajeros Automáticos;-79.202215,-3.996085
658;1;Cajeros Automáticos;-79.200047,-3.996128
659;1;Cajeros Automáticos;-79.201272,-3.997054
660;1;Cajeros Automáticos;-79.201278,-3.996418
661;1;Cajeros Automáticos;-79.205099,-3.995634
662;1;Cajeros Automáticos;-78.847443,-2.738588
663;1;Cajeros Automáticos;-78.847914,-2.751442
664;1;Cajeros Automáticos;-78.779449,-2.890129
665;1;Cajeros Automáticos;-79.204376,-3.980891
666;1;Cajeros Automáticos;-79.807329,-3.327313
667;1;Cajeros Automáticos;-79.960402,-3.448156
668;1;Cajeros Automáticos;-79.341548,-2.424693
669;1;Cajeros Automáticos;-78.93851,-2.559296
670;1;Cajeros Automáticos;-79.898117,-3.295642
671;1;Cajeros Automáticos;-79.898117,-3.295642
672;1;Cajeros Automáticos;-78.761086,-3.835593
1;2;Cajeros Multifunción;-79.880057,-2.191264
2;2;Cajeros Multifunción;-79.907486,-2.172754
3;2;Cajeros Multifunción;-79.88074,-2.197567
4;2;Cajeros Multifunción;-79.890945,-2.222112
5;2;Cajeros Multifunción;-79.900446,-2.170346
6;2;Cajeros Multifunción;-79.901256,-2.135942
7;2;Cajeros Multifunción;-79.891858,-2.155577
8;2;Cajeros Multifunción;-79.881385,-2.193997
9;2;Cajeros Multifunción;-79.893705,-2.18799
10;2;Cajeros Multifunción;-79.890362,-2.188624
11;2;Cajeros Multifunción;-79.879053,-2.14274
12;2;Cajeros Multifunción;-79.898148,-2.169064
13;2;Cajeros Multifunción;-79.898277,-2.228718
14;2;Cajeros Multifunción;-79.863035,-2.144276
15;2;Cajeros Multifunción;-79.916434,-2.168734
16;2;Cajeros Multifunción;-79.942275,-2.176627
17;2;Cajeros Multifunción;-79.864318,-2.141858
18;2;Cajeros Multifunción;-79.900618,-2.120648
19;2;Cajeros Multifunción;-79.909032,-2.140277
20;2;Cajeros Multifunción;-79.89411,-2.242111
21;2;Cajeros Multifunción;-79.825559,-2.177395
22;2;Cajeros Multifunción;-79.995447,-2.181622
23;2;Cajeros Multifunción;-79.914101,-2.050254
24;2;Cajeros Multifunción;-79.874824,-2.054305
25;2;Cajeros Multifunción;-79.87457,-2.099402
26;2;Cajeros Multifunción;-79.593017,-2.128739
27;2;Cajeros Multifunción;-79.466245,-1.025279
28;2;Cajeros Multifunción;-79.532323,-1.797661
29;2;Cajeros Multifunción;-80.451094,-1.057973
30;2;Cajeros Multifunción;-80.423845,-0.610883
31;2;Cajeros Multifunción;-80.910869,-2.221484
32;2;Cajeros Multifunción;-80.712813,-0.950849
33;2;Cajeros Multifunción;-80.465126,-1.048528
34;2;Cajeros Multifunción;-80.859218,-2.226305
35;2;Cajeros Multifunción;-79.593995,-2.136325
36;2;Cajeros Multifunción;-80.705985,-0.967157
37;2;Cajeros Multifunción;-80.920857,-2.227597
38;2;Cajeros Multifunción;-79.520886,-1.806873
39;2;Cajeros Multifunción;-80.73221,-0.942016
40;2;Cajeros Multifunción;-78.488879,-0.200096
41;2;Cajeros Multifunción;-78.48473,-0.17812
42;2;Cajeros Multifunción;-78.494295,-0.131803
43;2;Cajeros Multifunción;-78.493292,-0.202764
44;2;Cajeros Multifunción;-78.474205,-0.141885
45;2;Cajeros Multifunción;-78.449543,-0.308239
46;2;Cajeros Multifunción;-78.436088,-0.199142
47;2;Cajeros Multifunción;-78.528915,-0.238672
48;2;Cajeros Multifunción;-78.490581,-0.103746
49;2;Cajeros Multifunción;-78.497516,-0.161866
50;2;Cajeros Multifunción;-78.475022,-0.168051
51;2;Cajeros Multifunción;-78.521349,-0.250122
52;2;Cajeros Multifunción;-78.480385,-0.176375
53;2;Cajeros Multifunción;-78.425722,-0.206761
54;2;Cajeros Multifunción;-78.478952,-0.156004
55;2;Cajeros Multifunción;-78.452934,-0.108174
56;2;Cajeros Multifunción;-78.450809,-0.327207
57;2;Cajeros Multifunción;-78.543219,-0.284962
58;2;Cajeros Multifunción;-78.537079,-0.267653
59;2;Cajeros Multifunción;-78.487502,-0.188629
60;2;Cajeros Multifunción;-78.492413,-0.175033
61;2;Cajeros Multifunción;-78.628158,-1.241729
62;2;Cajeros Multifunción;-79.161886,-0.249673
63;2;Cajeros Multifunción;-78.651062,-1.670841
64;2;Cajeros Multifunción;-78.627717,-1.264595
65;2;Cajeros Multifunción;-79.181079,-0.258393
66;2;Cajeros Multifunción;-78.648135,-1.660621
67;2;Cajeros Multifunción;-78.624817,-0.926913
68;2;Cajeros Multifunción;-79.002136,-2.898492
69;2;Cajeros Multifunción;-78.991489,-2.891989
70;2;Cajeros Multifunción;-79.010406,-2.906017
71;2;Cajeros Multifunción;-79.016998,-2.920693
72;2;Cajeros Multifunción;-78.976211,-2.896715
73;2;Cajeros Multifunción;-79.005377,-2.883533
74;2;Cajeros Multifunción;-79.003452,-2.903318
75;2;Cajeros Multifunción;-79.957417,-3.260663
76;2;Cajeros Multifunción;-79.200047,-3.996128
77;2;Cajeros Multifunción;-79.960402,-3.448156
78;2;Cajeros Multifunción;-79.898117,-3.295642
673;3;Oficinas;-79.53234529,-1.797693827
674;3;Oficinas;-79.54593068,-1.814042306
675;3;Oficinas;-80.09287274,-0.6983563677
676;3;Oficinas;-79.9809643,-1.86331453
677;3;Oficinas;-79.8744458,-2.054522
678;3;Oficinas;-79.91452796,-2.049561276
679;3;Oficinas;-79.91452796,-2.049561276
680;3;Oficinas;-79.99827921,-1.878959525
681;3;Oficinas;-79.84172006,-2.168087245
682;3;Oficinas;-79.84176834,-2.168210539
683;3;Oficinas;-79.8259052,-2.177783092
684;3;Oficinas;-79.6379776,-1.043985431
685;3;Oficinas;-79.40581083,-2.329701627
686;3;Oficinas;-79.88997304,-2.188852582
687;3;Oficinas;-79.885943,-2.192944687
688;3;Oficinas;-79.9280491,-2.158669358
689;3;Oficinas;-79.91674533,-2.168774374
690;3;Oficinas;-79.901563,-2.135644017
691;3;Oficinas;-79.90154155,-2.135799477
692;3;Oficinas;-79.8874414,-2.158125637
693;3;Oficinas;-79.94088344,-2.177368284
694;3;Oficinas;-79.884022,-2.199762265
695;3;Oficinas;-79.88098907,-2.197297812
696;3;Oficinas;-79.88563687,-2.190359524
697;3;Oficinas;-79.89082423,-2.222129886
698;3;Oficinas;-79.88737703,-2.157246497
699;3;Oficinas;-79.90851593,-2.140009642
700;3;Oficinas;-79.99538805,-2.181673052
701;3;Oficinas;-79.8916719,-2.155727119
702;3;Oficinas;-79.89819837,-2.229163017
703;3;Oficinas;-79.89202262,-2.181047445
704;3;Oficinas;-79.93614737,-2.100443334
705;3;Oficinas;-79.94102828,-2.177346842
706;3;Oficinas;-79.88124914,-2.194059668
707;3;Oficinas;-79.89950175,-2.171342839
708;3;Oficinas;-79.92615493,-2.199420372
709;3;Oficinas;-79.90680326,-2.276917416
710;3;Oficinas;-79.89798301,-2.229158534
711;3;Oficinas;-79.9006464,-2.120502951
712;3;Oficinas;-79.89838243,-2.16941129
713;3;Oficinas;-79.93326246,-2.114748053
714;3;Oficinas;-79.87923804,-2.143111106
715;3;Oficinas;-79.875074,-2.0994192
716;3;Oficinas;-79.90747876,-2.17267912
717;3;Oficinas;-79.87993308,-2.191294871
718;3;Oficinas;-80.58026123,-1.34890914
719;3;Oficinas;-80.90831619,-2.22145276
720;3;Oficinas;-80.92135268,-2.226159885
721;3;Oficinas;-80.72392336,-0.9442307314
722;3;Oficinas;-80.732872,-0.9422363
723;3;Oficinas;-80.72392336,-0.9442307314
724;3;Oficinas;-80.70689123,-0.966101891
725;3;Oficinas;-79.59301758,-2.128739834
726;3;Oficinas;-79.59500885,-2.135506645
727;3;Oficinas;-79.46416008,-2.16763991
728;3;Oficinas;-80.38887787,-2.635088682
729;3;Oficinas;-80.45106137,-1.058196888
730;3;Oficinas;-80.46585095,-1.048115583
731;3;Oficinas;-79.46813898,-1.010074257
732;3;Oficinas;-79.4662894,-1.02531581
733;3;Oficinas;-80.97328551,-2.205463185
734;3;Oficinas;-79.86284328,-2.14413851
735;3;Oficinas;-79.863671,-2.137802834
736;3;Oficinas;-79.86464733,-2.140483174
737;3;Oficinas;-80.86607453,-2.216149414
738;3;Oficinas;-80.8587413,-2.227483984
739;3;Oficinas;-80.42427614,-0.6109466681
740;3;Oficinas;-80.23500414,-0.7858253988
741;3;Oficinas;-79.46039581,-1.441709518
742;3;Oficinas;-79.75344849,-1.556271672
743;3;Oficinas;-79.00415272,-2.904054848
744;3;Oficinas;-79.95736921,-3.261091804
745;3;Oficinas;-79.00213623,-2.898492575
746;3;Oficinas;-79.20024109,-3.996320963
747;3;Oficinas;-78.84657228,-2.736480597
748;3;Oficinas;-78.99155426,-2.892010689
749;3;Oficinas;-79.00921631,-2.906539202
750;3;Oficinas;-79.01465464,-2.919011369
751;3;Oficinas;-79.02490664,-2.893503838
752;3;Oficinas;-78.77693176,-2.89020896
753;3;Oficinas;-79.20437622,-3.980891943
754;3;Oficinas;-79.80761957,-3.326895414
755;3;Oficinas;-79.96063805,-3.44807127
756;3;Oficinas;-79.34185457,-2.424602853
757;3;Oficinas;-78.9378342,-2.559112007
758;3;Oficinas;-78.97706079,-2.897409625
759;3;Oficinas;-79.94239235,-3.271567811
760;3;Oficinas;-79.94291806,-3.270239603
761;3;Oficinas;-79.0381913,-2.86669667
762;3;Oficinas;-79.00311279,-2.898250103
763;3;Oficinas;-78.49314594,-0.1743059315
764;3;Oficinas;-78.4888,-0.201022
765;3;Oficinas;-78.62815857,-1.241729975
766;3;Oficinas;-78.4856,-0.177699
767;3;Oficinas;-78.62145996,-1.236611962
768;3;Oficinas;-78.84668732,-2.20428133
769;3;Oficinas;-78.503,-0.213982
770;3;Oficinas;-78.4938,-0.13255
771;3;Oficinas;-78.4785,-0.11137
772;3;Oficinas;-79.16089964,-0.2497052905
773;3;Oficinas;-79.16225147,-0.2495872744
774;3;Oficinas;-78.65106201,-1.670841098
775;3;Oficinas;-78.4935,-0.202187
776;3;Oficinas;-78.4743,-0.141822
777;3;Oficinas;-78.61449432,-0.9340432286
778;3;Oficinas;-78.4521,-0.307063
779;3;Oficinas;-78.437,-0.198608
780;3;Oficinas;-78.476,-0.09081
781;3;Oficinas;-78.62807895,-1.265134859
782;3;Oficinas;-78.4933,-0.191653
783;3;Oficinas;-78.5289,-0.2382
784;3;Oficinas;-78.4901,-0.102608
785;3;Oficinas;-78.4967,-0.160541
786;3;Oficinas;-78.58809662,-1.043743491
787;3;Oficinas;-78.4762,-0.16933
788;3;Oficinas;-78.539,-0.292385
789;3;Oficinas;-78.4788,-0.176754
790;3;Oficinas;-79.00202179,-1.591883659
791;3;Oficinas;-79.18157506,-0.2579295996
792;3;Oficinas;-78.4876,-0.187939
793;3;Oficinas;-78.4845,-0.169248
794;3;Oficinas;-78.42628665,-0.2070726331
795;3;Oficinas;-78.48266,-0.1416
796;3;Oficinas;-78.454811,-0.109591
797;3;Oficinas;-78.511642,-0.218869
798;3;Oficinas;-78.4509201,-0.3268610537
799;3;Oficinas;-78.5434,-0.283275
800;3;Oficinas;-78.66301727,-1.661576033
801;3;Oficinas;-78.62293081,-1.227549491
802;3;Oficinas;-78.00545775,-1.486501061
803;3;Oficinas;-78.56944275,-0.5141723156
804;3;Oficinas;-78.64513193,-1.654337532
805;3;Oficinas;-78.54311371,-1.329201818
806;3;Oficinas;-78.92012787,-2.289477587
807;3;Oficinas;-78.6252203,-0.9273696632
808;3;Oficinas;-78.48529612,-0.205006983
809;3;Oficinas;-78.53804016,-0.2667650878
810;3;Oficinas;-78.48736,-0.1895751711
811;3;Oficinas;-76.9861145,-0.4714861512
812;3;Oficinas;-78.4846,-0.173679
